id,type,title,filepath,desc,creatorid,score,reviewnumber,audience,distid
0,2,The SunFlower Man,src/libraryImage/sunflower_book.png,A story about the sunflower  man,0;3,3,2
1,2,Her Secrets,src/libraryImage/secret_book.png,The secrets that tore the family apart,1,5,4
2,2,Sparkle,src/libraryImage/sparkle_book.png,A story about a girl named Sparkle,2,4.25,4
3,2,Data Viz,src/libraryImage/data_viz.png,A guide on business reporting,3,2.3333333333333335,6
4,1,Little Bit of Love,src/libraryImage/love_song.png,A song about exes,0,2,4
5,1,Have We Met Before,src/libraryImage/meet_song.png,A song about old memory,1;2,4,6
6,1,Mirage,src/libraryImage/mirage.png,A song about hurting,3,5,4
7,1,Paper Plane,src/libraryImage/paper_song.png,A song about moving on,3,4.5,8
8,1,If The World Was Ending,src/libraryImage/world_song.png,A song about fear,4;5,4.636363636363637,11
9,0,Wheel of Time,src/libraryImage/wheel.png,A time travel movie,0,4,10,Adults,9;8;10;0
10,0,Lost Tribe,src/libraryImage/lost.png,Searching for the lost tribe,4,2.5,4,Teens,1;10;9;3;7
11,0,Happy Holiday,src/libraryImage/holiday.png,A Christmas movie,1;2,5,10,kids,10;3;5;0;7
12,0,Dream,src/libraryImage/dream.png,Chasing the cheer dream,3;1;2,4.5,6,Teens,10;5;3;6;7;9
